id,title,form,content,views,timestamp,edit_timestamp,archived
1,Trees of The Vale,Free Verse,"<p><span style=""color: rgb(0, 0, 0);"" class=""ql-size-small"">Yes I spied a valley low</span></p><p><span class=""ql-size-small"" style=""color: rgb(0, 0, 0);"">Where life carried on slow</span></p><p><span class=""ql-size-small"" style=""color: rgb(0, 0, 0);"">Across the road from the cemetery</span></p><p><span class=""ql-size-small"" style=""color: rgb(0, 0, 0);"">Where footsteps were dull and hollow</span></p><p><span class=""ql-size-small"" style=""color: rgb(0, 0, 0);"">A funeral procession was going on</span></p><p><br></p><p><span class=""ql-size-small"" style=""color: rgb(0, 0, 0);"">Yes the trees of the vale</span></p><p><span class=""ql-size-small"" style=""color: rgb(0, 0, 0);"">Were tall and forlorn</span></p><p><span class=""ql-size-small"" style=""color: rgb(0, 0, 0);"">The sun hung high and lorn</span></p><p><span class=""ql-size-small"" style=""color: rgb(0, 0, 0);"">As were the clouds of dawn</span></p><p><span class=""ql-size-small"" style=""color: rgb(0, 0, 0);"">As I drove along that road</span></p><p><span class=""ql-size-small"" style=""color: rgb(0, 0, 0);"">Away from that valley low</span></p>",252,2024-07-25 06:27:56,,0
2,Old Tree,Free Verse,"<p><strong style=""color: rgb(0, 0, 0);"" class=""ql-size-small"">Old tree...</strong></p><p><span style=""color: rgb(0, 0, 0);"" class=""ql-size-small"">Down at the middle of the vale</span></p><p><span style=""color: rgb(0, 0, 0);"" class=""ql-size-small"">Telling tales of an ancient people </span></p><p><span style=""color: rgb(0, 0, 0);"" class=""ql-size-small"">And their lore</span></p><p><span style=""color: rgb(0, 0, 0);"" class=""ql-size-small"">Around are solitary hilly peaks </span></p><p><span style=""color: rgb(0, 0, 0);"" class=""ql-size-small"">Silent in the commotion below</span></p><p><span style=""color: rgb(0, 0, 0);"" class=""ql-size-small"">And just a little while, </span></p><p><span style=""color: rgb(0, 0, 0);"" class=""ql-size-small"">The rain will come; </span></p><p><span style=""color: rgb(0, 0, 0);"" class=""ql-size-small"">Crawling and calling, </span></p><p><span style=""color: rgb(0, 0, 0);"" class=""ql-size-small"">Crashing in torrents</span></p><p><span style=""color: rgb(0, 0, 0);"" class=""ql-size-small"">Seeking all true natures disciples</span></p><p><span style=""color: rgb(0, 0, 0);"" class=""ql-size-small"">And will paint the land in refreshing ink</span></p><p><span style=""color: rgb(0, 0, 0);"" class=""ql-size-small"">With morning dew and a green swathe</span></p><p><span style=""color: rgb(0, 0, 0);"" class=""ql-size-small"">Wild flowers don't blossom here</span></p><p><span style=""color: rgb(0, 0, 0);"" class=""ql-size-small"">But I see the green just as pink, </span></p><p><span style=""color: rgb(0, 0, 0);"" class=""ql-size-small"">Just as yellow and just as sweet</span></p><p><span style=""color: rgb(0, 0, 0);"" class=""ql-size-small"">Its just a little closer to heaven</span></p><p><span style=""color: rgb(0, 0, 0);"" class=""ql-size-small"">They will charge you a dollar</span></p><p><span style=""color: rgb(0, 0, 0);"" class=""ql-size-small"">For some water or Cola</span></p><p><span style=""color: rgb(0, 0, 0);"" class=""ql-size-small"">They wait upon you in soft velvet collars</span></p><p><span style=""color: rgb(0, 0, 0);"" class=""ql-size-small"">And to behold such beauty </span></p><p><span style=""color: rgb(0, 0, 0);"" class=""ql-size-small"">Is not about profit</span></p><p><span style=""color: rgb(0, 0, 0);"" class=""ql-size-small"">No one ever pays to get to heaven</span></p><p><span style=""color: rgb(0, 0, 0);"" class=""ql-size-small"">Still...</span></p><p><span style=""color: rgb(0, 0, 0);"" class=""ql-size-small"">Old tree telling tales of an ancient time</span></p><p><span style=""color: rgb(0, 0, 0);"" class=""ql-size-small"">When lions roamed and roared</span></p><p><span style=""color: rgb(0, 0, 0);"" class=""ql-size-small"">And herdsmen trembled for their flock</span></p><p><span style=""color: rgb(0, 0, 0);"" class=""ql-size-small"">A time when there were no roads</span></p><p><span style=""color: rgb(0, 0, 0);"" class=""ql-size-small"">And heaven was full mosquitoes and disease</span></p><p><strong style=""color: rgb(0, 0, 0);"" class=""ql-size-small"">Old tree..</strong></p>",142,2024-07-25 21:17:34,2024-07-29 20:27:15,0
4,That Time Of Day-POTD,Sonnet,"<p><span class=""ql-font-Poppins ql-size-small"">That time of day when sweet birds songs intrude</span></p><p><span class=""ql-font-Poppins ql-size-small"">And thoughts of yesterday warm my minds brood</span></p><p><span class=""ql-font-Poppins ql-size-small"">I turn the page to days when love was true</span></p><p><span class=""ql-font-Poppins ql-size-small"">Your voice on my heart was a sunny coo</span></p><p><br></p><p><span class=""ql-font-Poppins ql-size-small""><span class=""ql-cursor"">???</span>But now the light of day turns wintry blue</span></p><p><span class=""ql-font-Poppins ql-size-small"">The hearth is cold where I once warmed with you</span></p><p><span class=""ql-font-Poppins ql-size-small"">If only your lotus bloomed in winter</span></p><p><span class=""ql-font-Poppins ql-size-small"">Then I would hope amidst snow and winter</span></p><p><br></p><p><span class=""ql-font-Poppins ql-size-small"">That time of day when a heart waxes worn</span></p><p><span class=""ql-font-Poppins ql-size-small"">The birds tweet their songs to a heart that stings</span></p><p><span class=""ql-font-Poppins ql-size-small"">Their song is a cacophonous bullhorn</span></p><p><span class=""ql-font-Poppins ql-size-small"">And a heart echoes in veins of cold strings</span></p><p><br></p><p><span class=""ql-font-Poppins ql-size-small"">That time of day when still cold the heart sings</span></p><p><span class=""ql-font-Poppins ql-size-small"">And cold throes of a wistful winter will sting</span></p>",44,2024-07-28 23:03:03,2024-07-29 20:20:57,0
6,You Fell like October Rain,Free Verse,"<p><span class=""ql-font-Verdana ql-size-small"">You fell in October, like autumn leaves</span></p><p><span class=""ql-font-Verdana ql-size-small"">Funny it was a hot day.</span></p><p><span class=""ql-font-Verdana ql-size-small"">The avocado tree was budding.</span></p><p><span class=""ql-font-Verdana ql-size-small"">I knew you only a short while,</span></p><p><span class=""ql-font-Verdana ql-size-small"">But it broke me to see your mother cry.</span></p><p><span class=""ql-font-Verdana ql-size-small"">She was inconsolable.</span></p><p><span class=""ql-font-Verdana ql-size-small"">And I thought I was strong,</span></p><p><span class=""ql-font-Verdana ql-size-small"">But my tears could not be kept at bay.</span></p><p><br></p><p><span class=""ql-font-Verdana ql-size-small"">Your friends gathered by your side,</span></p><p><span class=""ql-font-Verdana ql-size-small"">Oh what love they had for you.</span></p><p><span class=""ql-font-Verdana ql-size-small"">Your lover had mourned all he could,</span></p><p><span class=""ql-font-Verdana ql-size-small"">He was the strongest,&nbsp;</span></p><p><span class=""ql-font-Verdana ql-size-small"">Not one tear.</span></p><p><br></p><p><span class=""ql-font-Verdana ql-size-small"">They built you a house in the ground,</span></p><p><span class=""ql-font-Verdana ql-size-small"">So they said.</span></p><p><span class=""ql-font-Verdana ql-size-small"">They built you a bed, never to rise</span></p><p><span class=""ql-font-Verdana ql-size-small"">So I said.</span></p><p><span class=""ql-font-Verdana ql-size-small"">And in love they gathered around you.</span></p><p><span class=""ql-font-Verdana ql-size-small"">And laid you in it.</span></p><p><span class=""ql-font-Verdana ql-size-small"">That was the hardest,</span></p><p><span class=""ql-font-Verdana ql-size-small"">Interred you in red loam.</span></p><p><br></p><p><span class=""ql-font-Verdana ql-size-small"">And this was the finality,</span></p><p><span class=""ql-font-Verdana ql-size-small"">Who would have known?</span></p><p><span class=""ql-font-Verdana ql-size-small"">That your laughter would be so short,</span></p><p><span class=""ql-font-Verdana ql-size-small"">Thirty and one years?.</span></p><p><span class=""ql-font-Verdana ql-size-small"">They said we had to embrace death.</span></p><p><span class=""ql-font-Verdana ql-size-small"">Even come to love and desire it.</span></p><p><span class=""ql-font-Verdana ql-size-small"">He visits one and all.</span></p><p><span class=""ql-font-Verdana ql-size-small"">His cynical finality.</span></p><p><br></p><p><span class=""ql-font-Verdana ql-size-small"">It was hot and sunny today,</span></p><p><span class=""ql-font-Verdana ql-size-small"">But you fell like October rain.</span></p><p><span class=""ql-font-Verdana ql-size-small"">When heaven heaved in storm clouds,</span></p><p><span class=""ql-font-Verdana ql-size-small"">As they entrenched you underground.</span></p>",13,2024-07-30 09:10:52,,0
7,I Spied A Valley Low,Free Verse,"<p><span style=""color: rgb(0, 0, 0);"" class=""ql-size-small ql-font-Verdana"">I spied a valley low</span></p><p><span class=""ql-size-small ql-font-Verdana"" style=""color: rgb(0, 0, 0);"">Across the road from the cemetery</span></p><p><span class=""ql-size-small ql-font-Verdana"" style=""color: rgb(0, 0, 0);"">A Columbus monkey swinging by</span></p><p><br></p><p><span class=""ql-size-small ql-font-Verdana"" style=""color: rgb(0, 0, 0);"">The trees of the vale</span></p><p><span class=""ql-size-small ql-font-Verdana"" style=""color: rgb(0, 0, 0);"">Stood tall and forlorn</span></p><p><span class=""ql-size-small ql-font-Verdana"" style=""color: rgb(0, 0, 0);"">Observing the crematorium</span></p><p><span class=""ql-size-small ql-font-Verdana"" style=""color: rgb(0, 0, 0);"">Covered in light gray smoke</span></p><p><span class=""ql-size-small ql-font-Verdana"" style=""color: rgb(0, 0, 0);"">As morning traffic streamed on by</span></p><p><br></p><p><span class=""ql-size-small ql-font-Verdana"" style=""color: rgb(0, 0, 0);"">Giraffe reached for the tallest bough</span></p><p><span class=""ql-size-small ql-font-Verdana"" style=""color: rgb(0, 0, 0);"">And I thought I heard the leopards growl</span></p><p><span class=""ql-size-small ql-font-Verdana"" style=""color: rgb(0, 0, 0);"">And by the road was a troop of baboons</span></p><p><span class=""ql-size-small ql-font-Verdana"" style=""color: rgb(0, 0, 0);"">As people walked on by</span></p><p><br></p><p><span class=""ql-size-small ql-font-Verdana"" style=""color: rgb(0, 0, 0);"">And a few yards away,</span></p><p><span class=""ql-size-small ql-font-Verdana"" style=""color: rgb(0, 0, 0);"">Was the army garrison</span></p><p><span class=""ql-size-small ql-font-Verdana"" style=""color: rgb(0, 0, 0);"">A regiment trooped on by,</span></p><p><span class=""ql-size-small ql-font-Verdana"" style=""color: rgb(0, 0, 0);"">As a sounder was grazing idly by</span></p><p><span class=""ql-size-small ql-font-Verdana"" style=""color: rgb(0, 0, 0);"">And people walked on by</span></p><p><br></p><p><span class=""ql-size-small ql-font-Verdana"" style=""color: rgb(0, 0, 0);"">Yes I spied a valley low</span></p><p><span class=""ql-size-small ql-font-Verdana"" style=""color: rgb(0, 0, 0);"">Where life carried on slow</span></p><p><span class=""ql-size-small ql-font-Verdana"" style=""color: rgb(0, 0, 0);"">Across the road from the cemetery</span></p><p><span class=""ql-size-small ql-font-Verdana"" style=""color: rgb(0, 0, 0);"">Where footsteps were dull and hollow</span></p><p><span class=""ql-size-small ql-font-Verdana"" style=""color: rgb(0, 0, 0);"">A funeral procession was going on</span></p><p><br></p><p><span class=""ql-size-small ql-font-Verdana"" style=""color: rgb(0, 0, 0);"">Yes the trees of the vale</span></p><p><span class=""ql-size-small ql-font-Verdana"" style=""color: rgb(0, 0, 0);"">Were tall and forlorn</span></p><p><span class=""ql-size-small ql-font-Verdana"" style=""color: rgb(0, 0, 0);"">The sun hung high and lorn</span></p><p><span class=""ql-size-small ql-font-Verdana"" style=""color: rgb(0, 0, 0);"">As were the clouds of dawn</span></p><p><span class=""ql-size-small ql-font-Verdana"" style=""color: rgb(0, 0, 0);"">As I drove along that road</span></p><p><span class=""ql-size-small ql-font-Verdana"" style=""color: rgb(0, 0, 0);"">Away from that valley low</span></p>",8,2024-07-30 11:40:02,,0
8,Places - I Keep you close,Lyric,"<p><span style=""color: rgb(0, 0, 0);"" class=""ql-font-Roboto ql-size-small"">[verse 1]</span></p><p><span class=""ql-font-Roboto ql-size-small"" style=""color: rgb(0, 0, 0);"">There were places in the world (the world),</span></p><p><span class=""ql-font-Roboto ql-size-small"" style=""color: rgb(0, 0, 0);"">That we could always hang around,</span></p><p><span class=""ql-font-Roboto ql-size-small"" style=""color: rgb(0, 0, 0);"">Where every silent wish could be heard.</span></p><p><span class=""ql-font-Roboto ql-size-small"" style=""color: rgb(0, 0, 0);"">And there were things to figure out,</span></p><p><span class=""ql-font-Roboto ql-size-small"" style=""color: rgb(0, 0, 0);"">Like family money power and the world,</span></p><p><span class=""ql-font-Roboto ql-size-small"" style=""color: rgb(0, 0, 0);"">The sun is beautiful (beautiful).</span></p><p><br></p><p><span class=""ql-font-Roboto ql-size-small"" style=""color: rgb(0, 0, 0);"">[chorus]</span></p><p><span class=""ql-font-Roboto ql-size-small"" style=""color: rgb(0, 0, 0);"">I keep you close (I'll keep you close).</span></p><p><span class=""ql-font-Roboto ql-size-small"" style=""color: rgb(0, 0, 0);"">I keep my candle burning for you,</span></p><p><span class=""ql-font-Roboto ql-size-small"" style=""color: rgb(0, 0, 0);"">I keep you close (I'll keep you close).</span></p><p><span class=""ql-font-Roboto ql-size-small"" style=""color: rgb(0, 0, 0);"">In the night and in the morning,</span></p><p><span class=""ql-font-Roboto ql-size-small"" style=""color: rgb(0, 0, 0);"">I'll keep you close (I keep you close).</span></p><p><br></p><p><span class=""ql-font-Roboto ql-size-small"" style=""color: rgb(0, 0, 0);"">[verse 2]</span></p><p><span class=""ql-font-Roboto ql-size-small"" style=""color: rgb(0, 0, 0);"">There were many memories to write</span></p><p><span class=""ql-font-Roboto ql-size-small"" style=""color: rgb(0, 0, 0);"">There were many voices to be heard,</span></p><p><span class=""ql-font-Roboto ql-size-small"" style=""color: rgb(0, 0, 0);"">To me you're beautiful (you're beautiful).</span></p><p><span class=""ql-font-Roboto ql-size-small"" style=""color: rgb(0, 0, 0);"">There were many enemies to fight,</span></p><p><span class=""ql-font-Roboto ql-size-small"" style=""color: rgb(0, 0, 0);"">Like long days and lonely nights,</span></p><p><span class=""ql-font-Roboto ql-size-small"" style=""color: rgb(0, 0, 0);"">The sun is beautiful (beautiful).</span></p><p><br></p><p><span class=""ql-font-Roboto ql-size-small"" style=""color: rgb(0, 0, 0);"">[chorus]</span></p><p><span class=""ql-font-Roboto ql-size-small"" style=""color: rgb(0, 0, 0);"">I keep you close (I'll keep you close).</span></p><p><span class=""ql-font-Roboto ql-size-small"" style=""color: rgb(0, 0, 0);"">I keep my candle burning for you,</span></p><p><span class=""ql-font-Roboto ql-size-small"" style=""color: rgb(0, 0, 0);"">I keep you close (I'll keep you close).</span></p><p><span class=""ql-font-Roboto ql-size-small"" style=""color: rgb(0, 0, 0);"">In the night and in the morning,</span></p><p><span class=""ql-font-Roboto ql-size-small"" style=""color: rgb(0, 0, 0);"">I'll keep you close (I keep you close).</span></p><p><br></p><p><span class=""ql-font-Roboto ql-size-small"" style=""color: rgb(0, 0, 0);"">[bridge]</span></p><p><span class=""ql-font-Roboto ql-size-small"" style=""color: rgb(0, 0, 0);"">When the light has hit your morning,</span></p><p><span class=""ql-font-Roboto ql-size-small"" style=""color: rgb(0, 0, 0);"">And your tears are slowly drying,</span></p><p><span class=""ql-font-Roboto ql-size-small"" style=""color: rgb(0, 0, 0);"">I keep you close (I keep you close).</span></p><p><span class=""ql-font-Roboto ql-size-small"" style=""color: rgb(0, 0, 0);"">When these lonely twilights turn to gold,</span></p><p><span class=""ql-font-Roboto ql-size-small"" style=""color: rgb(0, 0, 0);"">And golden sun shines kiss the dawn,</span></p><p><span class=""ql-font-Roboto ql-size-small"" style=""color: rgb(0, 0, 0);"">I keep you close (I'll keep you close).</span></p><p><br></p><p><span class=""ql-font-Roboto ql-size-small"" style=""color: rgb(0, 0, 0);"">[chorus]</span></p><p><span class=""ql-font-Roboto ql-size-small"" style=""color: rgb(0, 0, 0);"">I keep you close (I'll keep you close).</span></p><p><span class=""ql-font-Roboto ql-size-small"" style=""color: rgb(0, 0, 0);"">I keep my candle burning for you,</span></p><p><span class=""ql-font-Roboto ql-size-small"" style=""color: rgb(0, 0, 0);"">I keep you close (I'll keep you close).</span></p><p><span class=""ql-font-Roboto ql-size-small"" style=""color: rgb(0, 0, 0);"">In the night and in the morning,</span></p><p><span class=""ql-font-Roboto ql-size-small"" style=""color: rgb(0, 0, 0);"">I'll keep you close (I keep you close).</span></p>",35,2024-07-30 12:00:34,2024-07-30 12:07:13,0
10,Why Should I dream,Free Verse,"<p><span class=""ql-font-Roboto ql-size-small"">Why should I dream?</span></p><p><span class=""ql-font-Roboto ql-size-small"">Of a time locked in the breeze</span></p><p><span class=""ql-font-Roboto ql-size-small"">The mesmerizing violence of your touch</span></p><p><span class=""ql-font-Roboto ql-size-small"">A tempest bated in anticipation</span></p><p><span class=""ql-font-Roboto ql-size-small"">You, a delicate carnation, </span></p><p><span class=""ql-font-Roboto ql-size-small"">Withering in my hand</span></p><p><span class=""ql-font-Roboto ql-size-small"">In the torrents of our ancient dance</span></p><p><br></p><p><span class=""ql-font-Poppins ql-size-small"">Now you stand in front of me</span></p><p><span class=""ql-font-Poppins ql-size-small"">Like a sandstorm in my face</span></p><p><span class=""ql-font-Poppins ql-size-small"">This maelstrom washed memory</span></p><p><br></p><p><span class=""ql-font-Roboto ql-size-small"">Tell me why should I dream?</span></p><p><span class=""ql-font-Roboto ql-size-small"">Of your moans in the moons gleam</span></p><p><span class=""ql-font-Roboto ql-size-small"">And our highs in the firelight</span></p><p><span class=""ql-font-Roboto ql-size-small"">That ushered your flight oh firefly</span></p><p><span class=""ql-font-Roboto ql-size-small"">And your goodbyes that tinged the night</span></p><p><span class=""ql-font-Roboto ql-size-small"">Those lachrymal ancient nights</span></p><p><br></p><p><span class=""ql-font-Roboto ql-size-small"">Now you stand in front of me</span></p><p><span class=""ql-font-Roboto ql-size-small"">The firefly of my dreams</span></p><p><span class=""ql-font-Roboto ql-size-small"">On these tear-soaked dusty streets</span></p><p><br></p><p><span class=""ql-font-Roboto ql-size-small"">Oh, these dusty streets</span></p><p><span class=""ql-font-Roboto ql-size-small"">Where my dreams of you never ceased</span></p><p><span class=""ql-font-Roboto ql-size-small"">Like the steps we lost in the dust</span></p><p><span class=""ql-font-Roboto ql-size-small"">And you leaving, like a sudden gust</span></p><p><span class=""ql-font-Roboto ql-size-small"">On that windy November day</span></p><p><span class=""ql-font-Roboto ql-size-small"">That rain-soaked memory, dust to clay</span></p><p><br></p><p><span class=""ql-font-Roboto ql-size-small"">And now you stand in front of me</span></p><p><span class=""ql-font-Roboto ql-size-small"">I wonder, where did your firelight lead?</span></p><p><span class=""ql-font-Roboto ql-size-small"">You firefly of my dreams</span></p><p><br></p><p><span class=""ql-font-Roboto ql-size-small"">Now you stand in front of me</span></p><p><span class=""ql-font-Roboto ql-size-small"">Ready to awake my dreams</span></p><p><span class=""ql-font-Roboto ql-size-small"">On these dust-filled streets</span></p><p><span class=""ql-font-Roboto ql-size-small"">With November stolen kisses</span></p><p><span class=""ql-font-Roboto ql-size-small"">Igniting memories committed to dust</span></p><p><span class=""ql-font-Roboto ql-size-small"">On these streets that we called home</span></p><p><br></p><p><span class=""ql-font-Roboto ql-size-small"">Now you stand in front of me</span></p><p><span class=""ql-font-Roboto ql-size-small"">What happened to my dreams?</span></p><p><span class=""ql-font-Roboto ql-size-small"">Copyright ©&nbsp;</span><a href=""https://www.poetrysoup.com/poems_poets/poems_by_poet.aspx?ID=88351"" target=""_blank"" style=""color: rgb(51, 102, 204);"" class=""ql-font-Roboto ql-size-small"">Marugu Mo</a><span class=""ql-font-Roboto ql-size-small"">&nbsp;| Year Posted</span></p>",12,2024-08-02 14:14:39,,0
11,Mamas Letter,Lyric,"<p><span class=""ql-size-small"">Chills of winter, have come and passed</span></p><p><span class=""ql-size-small"">I read your letter, it’s all I have</span></p><p><span class=""ql-size-small"">Says dear daughter, please be brave</span></p><p><span class=""ql-size-small"">It maybe winter, but I am with you</span></p><p><br></p><p><span class=""ql-size-small"">Darling please, my darling please</span></p><p><span class=""ql-size-small"">Darling please, remember me</span></p><p><span class=""ql-size-small"">Darling please, remember me</span></p><p><span class=""ql-size-small"">When in winter, remember me</span></p><p><br></p><p><span class=""ql-size-small"">Kiss your brother, goodnight for me</span></p><p><span class=""ql-size-small"">Here is my picture, remember me</span></p><p><span class=""ql-size-small"">He is too young, to understand</span></p><p><span class=""ql-size-small"">By this letter, he’ll understand</span></p><p><br></p><p><span class=""ql-size-small"">We had such laughter, such perfect plans</span></p><p><span class=""ql-size-small"">But this cancer, had other plans</span></p><p><span class=""ql-size-small"">Be the strongest, that you can</span></p><p><span class=""ql-size-small"">We will meet, in heavens rest</span></p><p><br></p><p><span class=""ql-size-small"">Darling please, my darling please</span></p><p><span class=""ql-size-small"">Darling please, remember me</span></p><p><span class=""ql-size-small"">Darling please, remember me</span></p><p><span class=""ql-size-small"">When in winter, remember me</span></p><p><br></p><p><span class=""ql-size-small"">Though the winter, has come and passed</span></p><p><span class=""ql-size-small"">I kept your letter, by my bed</span></p><p><span class=""ql-size-small"">And my brother, is now a man</span></p><p><span class=""ql-size-small"">I believe he understands</span></p><p><br></p><p><span class=""ql-size-small"">Mama please! my darling please</span></p><p><span class=""ql-size-small"">Mama please, remember me</span></p><p><span class=""ql-size-small"">Darling please, remember me</span></p><p><span class=""ql-size-small"">When in winter, remember me</span></p><p><span class=""ql-size-small"">As you rest, remember me</span></p><p><span class=""ql-size-small"">Copyright ©&nbsp;</span><a href=""https://www.poetrysoup.com/poems_poets/poems_by_poet.aspx?ID=88351"" target=""_blank"" style=""color: rgb(51, 102, 204);"" class=""ql-size-small"">Marugu Mo</a><span class=""ql-size-small"">&nbsp;| Year Posted 2018</span></p>",3,2024-08-04 11:08:22,,0
12,The Blend,Free Verse,"<p><span style=""color: rgb(0, 0, 0);"" class=""ql-size-small"">This small town will be our end</span></p><p><span class=""ql-size-small"" style=""color: rgb(0, 0, 0);"">Don’t you know that these walls</span></p><p><span class=""ql-size-small"" style=""color: rgb(0, 0, 0);"">See and tell, these vibrant facades</span></p><p><span class=""ql-size-small"" style=""color: rgb(0, 0, 0);"">I saw you dance and fall</span></p><p><span class=""ql-size-small"" style=""color: rgb(0, 0, 0);"">Trappings of a time old</span></p><p><span class=""ql-size-small"" style=""color: rgb(0, 0, 0);"">To the blare of a song loud</span></p><p><span class=""ql-size-small"" style=""color: rgb(0, 0, 0);"">I saw not the lips that pouted</span></p><p><span class=""ql-size-small"" style=""color: rgb(0, 0, 0);"">Till they touched mine</span></p><p><span class=""ql-size-small"" style=""color: rgb(0, 0, 0);"">November might have been cold</span></p><p><span class=""ql-size-small"" style=""color: rgb(0, 0, 0);"">But my embers were kindled</span></p><p><span class=""ql-size-small"" style=""color: rgb(0, 0, 0);"">And as the wind blew,</span></p><p><span class=""ql-size-small"" style=""color: rgb(0, 0, 0);"">You and I closer drew</span></p><p><span class=""ql-size-small"" style=""color: rgb(0, 0, 0);"">Till the walls no longer knew</span></p><p><span class=""ql-size-small"" style=""color: rgb(0, 0, 0);"">The dance floor of lips</span></p>",4,2024-08-04 11:10:18,,0
13,Smile,Free Verse,"<p><span class=""ql-font-Roboto"">I could have stood out there in the darkness</span></p><p><span class=""ql-font-Roboto"">Close my eyes and wait for the light of day</span></p><p><span class=""ql-font-Roboto"">There were those things that you knew about me</span></p><p><span class=""ql-font-Roboto"">I wasn't comfortable in that glaring light</span></p><p><span class=""ql-font-Roboto"">I had walked both broad and narrow roads</span></p><p><span class=""ql-font-Roboto"">And it felt like I was all alone</span></p><p><br></p><p><span class=""ql-font-Roboto"">I wanted to stay out there in the dark</span></p><p><span class=""ql-font-Roboto"">I wanted the night, the falling dew to cover me</span></p><p><span class=""ql-font-Roboto"">Then maybe I wouldn't feel so incomplete</span></p><p><span class=""ql-font-Roboto"">I didn't mean to spurn that open door</span></p><p><span class=""ql-font-Roboto"">From where your solitary light streamed</span></p><p><span class=""ql-font-Roboto"">I was in love but I felt so alone</span></p><p><br></p><p><span class=""ql-font-Roboto"">You smiled, opened my eyes, I hadn't seen you</span></p><p><span class=""ql-font-Roboto"">You were sure, with no fear, I was afraid</span></p><p><span class=""ql-font-Roboto"">You took my words, those unworthy trinkets</span></p><p><span class=""ql-font-Roboto"">Made them into everything great and quaint</span></p><p><span class=""ql-font-Roboto""><span class=""ql-cursor"">?</span></span></p><p><span class=""ql-font-Roboto"">Don't close that door, I will come in when sure</span></p><p><span class=""ql-font-Roboto"">Just smile and I am not alone</span></p>",10,2024-08-04 11:14:25,2024-08-04 11:33:18,0
14,Long Winding Road,Sijo,"<p class=""ql-align-center""><em class=""ql-font-Roboto"">Many miles, untraveled, along this empty road </em></p><p class=""ql-align-center""><em class=""ql-font-Roboto"">Long and winding forest road, deep wooded , whose end I do not know </em></p><p class=""ql-align-center""><em class=""ql-font-Roboto"">And a fork leads to a wooded vale low, that I call home</em><span class=""ql-cursor"">???</span></p>",19,2024-08-04 11:15:53,2024-08-04 11:51:44,0
15,Into The Shadows,Free Verse,"<p><span style=""color: rgb(0, 0, 0);"" class=""ql-font-Roboto"">I will slowly fade into a shadow</span></p><p><span style=""color: rgb(0, 0, 0);"" class=""ql-font-Roboto"">Without essence without breadth</span></p><p><span style=""color: rgb(0, 0, 0);"" class=""ql-font-Roboto"">You will not understand me</span></p><p><span style=""color: rgb(0, 0, 0);"" class=""ql-font-Roboto"">I will follow you and watch you</span></p><p><span style=""color: rgb(0, 0, 0);"" class=""ql-font-Roboto"">But I, that once was, won't</span></p><p><br></p><p><span style=""color: rgb(0, 0, 0);"" class=""ql-font-Roboto"">I will fade into my shadow</span></p><p><span style=""color: rgb(0, 0, 0);"" class=""ql-font-Roboto"">A solid relic, a light reflection</span></p><p><span style=""color: rgb(0, 0, 0);"" class=""ql-font-Roboto"">I will be, but in the shadows</span></p><p><span style=""color: rgb(0, 0, 0);"" class=""ql-font-Roboto"">To follow you  and to watch you</span></p><p><span style=""color: rgb(0, 0, 0);"" class=""ql-font-Roboto"">But I, will be long gone</span></p><p><br></p><p><span style=""color: rgb(0, 0, 0);"" class=""ql-font-Roboto"">I will be with the shadows</span></p><p><span style=""color: rgb(0, 0, 0);"" class=""ql-font-Roboto"">With those arduous soles who trod</span></p><p><span style=""color: rgb(0, 0, 0);"" class=""ql-font-Roboto"">Murky dusks avant-garde</span></p><p><span style=""color: rgb(0, 0, 0);"" class=""ql-font-Roboto"">For they are now long gone</span></p><p><span style=""color: rgb(0, 0, 0);"" class=""ql-font-Roboto"">Into solitary recluse</span></p><p><br></p><p><span style=""color: rgb(0, 0, 0);"" class=""ql-font-Roboto"">I will sometimes reach out</span></p><p><span style=""color: rgb(0, 0, 0);"" class=""ql-font-Roboto"">To whisper to you and uplift you</span></p><p><span style=""color: rgb(0, 0, 0);"" class=""ql-font-Roboto"">And you will reach out</span></p><p><span style=""color: rgb(0, 0, 0);"" class=""ql-font-Roboto"">But I, will be long gone...</span></p><p><br></p><p><em class=""ql-font-Roboto"" style=""color: rgb(0, 0, 0);"">Into the shadows</em></p>",12,2024-08-04 12:02:11,2024-08-04 12:09:45,0
16,When She Spurns,Free Verse,"<p><span style=""color: rgb(0, 0, 0);"">I have seen this before</span></p><p><span style=""color: rgb(0, 0, 0);"">A fledgling spark stifled</span></p><p><span style=""color: rgb(0, 0, 0);"">At birth</span></p><p><br></p><p><span style=""color: rgb(0, 0, 0);"">I have been here before</span></p><p><span style=""color: rgb(0, 0, 0);"">When mused words trifled</span></p><p><span style=""color: rgb(0, 0, 0);"">With no worth</span></p><p><br></p><p><span style=""color: rgb(0, 0, 0);"">When my knees gingerly fell to the floor</span></p><p><span style=""color: rgb(0, 0, 0);"">Softly they begged and shuffled</span></p><p><span style=""color: rgb(0, 0, 0);"">At the slamming door</span></p><p><br></p><p><span style=""color: rgb(0, 0, 0);"">And I sought the windy south</span></p><p><span style=""color: rgb(0, 0, 0);"">But the spark waxed weak and worn</span></p><p><span style=""color: rgb(0, 0, 0);"">Two lovers stood lorn</span></p><p><br></p><p><span style=""color: rgb(0, 0, 0);"">A spurned poet, and a petulant muse</span></p>",3,2024-08-04 12:41:53,,0
17,Longing For You,Sijo,"<p class=""ql-align-center""><em style=""color: rgb(0, 0, 0);"">Your hazel eyes ask how long I have waited and longed for you</em></p><p class=""ql-align-center""><em style=""color: rgb(0, 0, 0);"">Ask the raven, how many times I asked to borrow his wings</em></p><p class=""ql-align-center""><em style=""color: rgb(0, 0, 0);"">How many times I have longed to fly to you, beyond the sky</em></p>",5,2024-08-04 12:43:00,2024-08-04 12:45:10,0
18,The Aberdare Ranges -Kenya,Rhyme,"<p><span style=""color: rgb(0, 0, 0);"">Dawn, when silence falters</span></p><p><span style=""color: rgb(0, 0, 0);"">And the trees of the range- </span></p><p><span style=""color: rgb(0, 0, 0);"">Are tucked in a bucket of fog</span></p><p><span style=""color: rgb(0, 0, 0);"">Marching dawn, whose beauty never alters,</span></p><p><span style=""color: rgb(0, 0, 0);"">I tuck myself in blankets like a log</span></p><p><span style=""color: rgb(0, 0, 0);"">At the Treetops Hotel upon the range</span></p><p><span style=""color: rgb(0, 0, 0);"">Dainty dreams upon dawn’s altar</span></p><p><br></p><p><span style=""color: rgb(0, 0, 0);"">The dappled peacock dazes the dawn</span></p><p><span style=""color: rgb(0, 0, 0);"">While the African crowned eagle </span></p><p><span style=""color: rgb(0, 0, 0);"">Will soar, prowling for prey</span></p><p><span style=""color: rgb(0, 0, 0);"">And tourists peep and picture the fawn</span></p><p><span style=""color: rgb(0, 0, 0);"">While their eyes prowl the breakfast tray</span></p><p><span style=""color: rgb(0, 0, 0);"">Jacaranda festooned fashion regal</span></p><p><span style=""color: rgb(0, 0, 0);"">Its blue flowers blue snowfall upon dawn</span></p><p><br></p><p><span style=""color: rgb(0, 0, 0);"">Elephants trudge to the watering hole</span></p><p><span style=""color: rgb(0, 0, 0);"">Buffalo follow, even the bush buck</span></p><p><span style=""color: rgb(0, 0, 0);"">The warthog always walks silly,</span></p><p><span style=""color: rgb(0, 0, 0);"">The big five will steal your soul</span></p><p><span style=""color: rgb(0, 0, 0);"">At the Ark's perch, you will be stuck</span></p><p><span style=""color: rgb(0, 0, 0);"">The water adorned by the pond lily</span></p><p><span style=""color: rgb(0, 0, 0);"">The range's serenity, waters your soul</span></p><p><br></p><p><span style=""color: rgb(0, 0, 0);"">Pristine streams gush from the moorlands</span></p><p><span style=""color: rgb(0, 0, 0);"">The Hagenia, decked in velvet green</span></p><p><span style=""color: rgb(0, 0, 0);"">The sword lily, sheathed in fibrous tunic</span></p><p><span style=""color: rgb(0, 0, 0);"">And as the Karuru falls hit land</span></p><p><span style=""color: rgb(0, 0, 0);"">True love will pierce to the gene</span></p><p><span style=""color: rgb(0, 0, 0);"">For pristine nature, is the true cupid.</span></p><p><span style=""color: rgb(0, 0, 0);"">Breaths bated as lovers hold hand</span></p><p><br></p><p><span style=""color: rgb(0, 0, 0);"">Further, nestled nigh in the blue skies</span></p><p><span style=""color: rgb(0, 0, 0);"">The Kinangop peak, peeking through</span></p><p><span style=""color: rgb(0, 0, 0);"">The closer I get, the further it hides</span></p><p><span style=""color: rgb(0, 0, 0);"">A sun bird chatters, along my trail's high</span></p><p><span style=""color: rgb(0, 0, 0);"">My eyes in tune, such wondrous hillsides </span></p><p><span style=""color: rgb(0, 0, 0);"">I sweat as I head towards the bamboo</span></p><p><span style=""color: rgb(0, 0, 0);"">I am among the butterflies</span></p><p><br></p><p><span style=""color: rgb(0, 0, 0);"">Ringlets in a dance, oh! Surreal world</span></p><p><span style=""color: rgb(0, 0, 0);"">Monkeys swing, tree to tree, a trail of imagination</span></p><p><span style=""color: rgb(0, 0, 0);"">A reed buck is openly grazing</span></p><p><span style=""color: rgb(0, 0, 0);"">A canvas of the grassland in its gold</span></p><p><span style=""color: rgb(0, 0, 0);"">I spot a Serval cat, in hiding</span></p><p><span style=""color: rgb(0, 0, 0);"">On a safari truck, the breeze is an inspiration </span></p><p><span style=""color: rgb(0, 0, 0);"">Beauty flows in the altitudes that I behold</span></p><p><br></p><p><span style=""color: rgb(0, 0, 0);"">At dusk the steeped villages prepare for sleep</span></p><p><span style=""color: rgb(0, 0, 0);"">The Nyandarua range, yawns its last</span></p><p><span style=""color: rgb(0, 0, 0);"">Fabled home of the Kikuyu god</span></p><p><span style=""color: rgb(0, 0, 0);"">Curtain like shadows befall the steep</span></p><p><span style=""color: rgb(0, 0, 0);"">And this wonderland begins to nod</span></p><p><span style=""color: rgb(0, 0, 0);"">As the women fluff off days dust fast</span></p><p><span style=""color: rgb(0, 0, 0);"">Men’s ears wide open as it darkens deep</span></p><p><br></p><p><span style=""color: rgb(0, 0, 0);"">Wild animals are known to visit</span></p><p><span style=""color: rgb(0, 0, 0);"">Roving around, excitement for the young</span></p><p><span style=""color: rgb(0, 0, 0);"">But the animals are known to visit hungry</span></p><p><span style=""color: rgb(0, 0, 0);"">The locals know too well, memories vivid</span></p><p><span style=""color: rgb(0, 0, 0);"">An elephant’s wrath is meted out bluntly</span></p><p><span style=""color: rgb(0, 0, 0);"">Protection for man and beast not far flung </span></p><p><span style=""color: rgb(0, 0, 0);"">Conservation and nurture is the spirit</span></p><p><br></p><p><em style=""color: rgb(0, 0, 0);"">As Mount Satima watches her watered floors,</em></p><p><em style=""color: rgb(0, 0, 0);"">She knows the heart goes deep</em></p>",4,2024-08-04 12:44:10,,0
19,A Poets Tryst,Free Verse,"<p><span style=""color: rgb(0, 0, 0);"">There was no glee in my reticence</span></p><p><span style=""color: rgb(0, 0, 0);"">While my silence fought the bard</span></p><p><span style=""color: rgb(0, 0, 0);"">The heavens opened and </span></p><p><span style=""color: rgb(0, 0, 0);"">I peered into Poe's past</span></p><p><span style=""color: rgb(0, 0, 0);"">The lilies in this valley</span></p><p><span style=""color: rgb(0, 0, 0);"">Could not bear my harping</span></p><p><span style=""color: rgb(0, 0, 0);"">For they too had verses and lyres</span></p><p><span style=""color: rgb(0, 0, 0);"">Strung stuck on them like wasps</span></p><p><span style=""color: rgb(0, 0, 0);"">I was that wistful summer</span></p><p><span style=""color: rgb(0, 0, 0);"">And winter bore not my weight</span></p><p><span style=""color: rgb(0, 0, 0);"">The cold blue sky day</span></p><p><span style=""color: rgb(0, 0, 0);"">Was my tryst and my dreams</span></p><p><span style=""color: rgb(0, 0, 0);"">For surely as the moon, Poe's muse came by night</span></p><p><span style=""color: rgb(0, 0, 0);"">And left in a huff, like a leaf broken in half</span></p><p><span style=""color: rgb(0, 0, 0);"">There was no wrong or right</span></p><p><span style=""color: rgb(0, 0, 0);"">Just my fight broken daily</span></p><p><span style=""color: rgb(0, 0, 0);"">My melancholy was my morsel by day</span></p><p><span style=""color: rgb(0, 0, 0);"">And my reverie was no breaker of ice</span></p><p><span style=""color: rgb(0, 0, 0);"">For who could mend this muse</span></p><p><span style=""color: rgb(0, 0, 0);"">Who swam in my every heart and bruise</span></p><p><span style=""color: rgb(0, 0, 0);"">Who broke hearts of jade</span></p><p><span style=""color: rgb(0, 0, 0);"">Who was a blue lily, a stare, and a snare</span></p><p><span style=""color: rgb(0, 0, 0);"">It was every jackals day come</span></p><p><span style=""color: rgb(0, 0, 0);"">Even then, who could mend this muse</span></p><p><span style=""color: rgb(0, 0, 0);"">Who stared back at the mess</span></p><p><span style=""color: rgb(0, 0, 0);"">Of many a jackals haunt</span></p><p><span style=""color: rgb(0, 0, 0);"">Of broken jade and men</span></p>",4,2024-08-04 12:49:22,,0
20,I have become ash,Free Verse,"<p><span class=""ql-font-Verdana"">I have become ash</span></p><p><span class=""ql-font-Verdana"">Decayed for decades</span></p><p><span class=""ql-font-Verdana"">What happened?</span></p><p><span class=""ql-font-Verdana"">To my lithe thoughts</span></p><p><span class=""ql-font-Verdana"">And deft digits</span></p><p><br></p><p><span class=""ql-font-Verdana"">That could churn</span></p><p><span class=""ql-font-Verdana"">Heaviness into brevity</span></p><p><span class=""ql-font-Verdana"">And paltry pursuits</span></p><p><span class=""ql-font-Verdana"">Into wee nuances</span></p>",2,2024-08-04 13:00:55,,0
21,The Sun Waits In The Shadows,Free Verse,"<p class=""ql-align-center""><span style=""color: rgb(0, 0, 0);"" class=""ql-font-Verdana"">The sun waits in the shadows, ready to crown the morning with gold</span></p><p class=""ql-align-center""><span style=""color: rgb(0, 0, 0);"" class=""ql-font-Verdana"">If I could fold the suns rays, form them into a crown of gold</span></p><p class=""ql-align-center""><span style=""color: rgb(0, 0, 0);"" class=""ql-font-Verdana"">Then my lovely princess, would always be decked in silver and gold</span></p>",3,2024-08-04 13:03:44,,0
22,The Soldier And The Poet,Free Verse,"<p><span style=""color: rgb(0, 0, 0);"">By the roadside sat two men</span></p><p><span style=""color: rgb(0, 0, 0);"">One a soldier and the other a poet</span></p><p><span style=""color: rgb(0, 0, 0);"">One a warrior among men, </span></p><p><span style=""color: rgb(0, 0, 0);"">The other a warrior of the pen</span></p><p><span style=""color: rgb(0, 0, 0);"">One sculpted by war, </span></p><p><span style=""color: rgb(0, 0, 0);"">The other, by horrors of the soul</span></p><p><br></p><p><span style=""color: rgb(0, 0, 0);"">Each had fought a war. </span></p><p><span style=""color: rgb(0, 0, 0);"">For their souls</span></p><p><span style=""color: rgb(0, 0, 0);"">One had killed in jungles cold.</span></p><p><span style=""color: rgb(0, 0, 0);"">The other in pages cold</span></p><p><span style=""color: rgb(0, 0, 0);"">Each to save their soul.</span></p><p><br></p><p><span style=""color: rgb(0, 0, 0);"">These warriors of old</span></p><p><span style=""color: rgb(0, 0, 0);"">Sat by that road</span></p><p><span style=""color: rgb(0, 0, 0);"">Where it got clammy and cold</span></p><p><span style=""color: rgb(0, 0, 0);"">Each in their own thoughts</span></p><p><span style=""color: rgb(0, 0, 0);"">Each recounting days gone.</span></p><p><span style=""color: rgb(0, 0, 0);"">When their souls were lost</span></p><p><span style=""color: rgb(0, 0, 0);"">One to the gun</span></p><p><span style=""color: rgb(0, 0, 0);"">The other to the pen</span></p><p><br></p><p><span style=""color: rgb(0, 0, 0);"">But don’t think the poet a lesser man.</span></p><p><span style=""color: rgb(0, 0, 0);"">For as a boy he became a man</span></p><p><span style=""color: rgb(0, 0, 0);"">The pages were real death.</span></p><p><span style=""color: rgb(0, 0, 0);"">Forced to kill those ugly men that took his soul.</span></p><p><span style=""color: rgb(0, 0, 0);"">It was just a dynamite stick.</span></p><p><span style=""color: rgb(0, 0, 0);"">And the fuse went boom!!</span></p><p><span style=""color: rgb(0, 0, 0);"">No more turns</span></p><p><span style=""color: rgb(0, 0, 0);"">Or being passed around like a cigarette by those men.</span></p><p><span style=""color: rgb(0, 0, 0);"">There was just no more cigarette-smoke breath.</span></p><p><br></p><p><span style=""color: rgb(0, 0, 0);"">And don’t think the soldier,</span></p><p><span style=""color: rgb(0, 0, 0);"">Anything less</span></p><p><span style=""color: rgb(0, 0, 0);"">They were just orders.</span></p><p><span style=""color: rgb(0, 0, 0);"">“Kill them!”</span></p><p><span style=""color: rgb(0, 0, 0);"">It was just war.</span></p><p><span style=""color: rgb(0, 0, 0);"">“Kill them!”</span></p><p><span style=""color: rgb(0, 0, 0);"">The enemy must learn,</span></p><p><span style=""color: rgb(0, 0, 0);"">Here we mean business.</span></p><p><br></p><p><span style=""color: rgb(0, 0, 0);"">So, the two warriors</span></p><p><span style=""color: rgb(0, 0, 0);"">Sat side by side</span></p><p><span style=""color: rgb(0, 0, 0);"">And stared blankly,</span></p><p><span style=""color: rgb(0, 0, 0);"">Across the cold dreary road</span></p><p><span style=""color: rgb(0, 0, 0);"">And in the distance</span></p><p><span style=""color: rgb(0, 0, 0);"">A storm cloud formed, </span></p><p><br></p><p><span style=""color: rgb(0, 0, 0);"">Then sudden thunder.</span></p><p><br></p><p><span style=""color: rgb(0, 0, 0);"">Each warrior ducked.</span></p>",5,2024-08-04 13:05:10,,0
23,The Sitting,Free Verse,"<p><span style=""color: rgb(0, 0, 0);"" class=""ql-font-Roboto"">There was a sitting</span></p><p><span class=""ql-font-Roboto"" style=""color: rgb(0, 0, 0);"">A séance of sorts</span></p><p><span class=""ql-font-Roboto"" style=""color: rgb(0, 0, 0);"">Spirited shadows danced</span></p><p><span class=""ql-font-Roboto"" style=""color: rgb(0, 0, 0);"">In the dimming wick</span></p><p><span class=""ql-font-Roboto"" style=""color: rgb(0, 0, 0);"">There was a woman</span></p><p><span class=""ql-font-Roboto"" style=""color: rgb(0, 0, 0);"">Lover and the weak</span></p><p><span class=""ql-font-Roboto"" style=""color: rgb(0, 0, 0);"">a carver and red meat</span></p><p><span class=""ql-font-Roboto"" style=""color: rgb(0, 0, 0);"">There was a priest</span></p><p><span class=""ql-font-Roboto"" style=""color: rgb(0, 0, 0);"">father, a prayer, king</span></p><p><span class=""ql-font-Roboto"" style=""color: rgb(0, 0, 0);"">of the weaklings</span></p><p><br></p><p><span class=""ql-font-Roboto"" style=""color: rgb(0, 0, 0);"">There was a rising</span></p><p><span class=""ql-font-Roboto"" style=""color: rgb(0, 0, 0);"">A séance of sorts</span></p><p><span class=""ql-font-Roboto"" style=""color: rgb(0, 0, 0);"">Spirits of sudden stir</span></p><p><span class=""ql-font-Roboto"" style=""color: rgb(0, 0, 0);"">sudden dead wick</span></p><p><span class=""ql-font-Roboto"" style=""color: rgb(0, 0, 0);"">And the woman</span></p><p><span class=""ql-font-Roboto"" style=""color: rgb(0, 0, 0);"">Lover suddenly weak</span></p><p><span class=""ql-font-Roboto"" style=""color: rgb(0, 0, 0);"">carved some red meat</span></p><p><span class=""ql-font-Roboto"" style=""color: rgb(0, 0, 0);"">There was a priest</span></p><p><span class=""ql-font-Roboto"" style=""color: rgb(0, 0, 0);"">father of the weaklings</span></p><p><span class=""ql-font-Roboto"" style=""color: rgb(0, 0, 0);"">slayer of the wee</span></p>",13,2024-08-04 13:12:51,,0
26,The Soldier And The Poet - Revised,Free Verse,"<p><span style=""color: rgb(0, 0, 0);"">In the heart of the countryside</span></p><p><span style=""color: rgb(0, 0, 0);"">By the roadside sat two men</span></p><p><span style=""color: rgb(0, 0, 0);"">One a soldier and the other a poet</span></p><p><span style=""color: rgb(0, 0, 0);"">One a warrior among men, </span></p><p><span style=""color: rgb(0, 0, 0);"">The other a warrior of the pen</span></p><p><span style=""color: rgb(0, 0, 0);"">One sculpted by war, </span></p><p><span style=""color: rgb(0, 0, 0);"">The other, by horrors of the soul</span></p><p><span style=""color: rgb(0, 0, 0);"">Each yearning for their Llandudno</span></p><p><span style=""color: rgb(0, 0, 0);"">And in their quiet repose breathing</span></p><p><span style=""color: rgb(0, 0, 0);"">Albeit bated, their psyches memoirs</span></p><p><span style=""color: rgb(0, 0, 0);"">Awash with their immediate past</span></p><p><br></p><p><span style=""color: rgb(0, 0, 0);"">Each harrowed and pallid</span></p><p><span style=""color: rgb(0, 0, 0);"">In heart and countenance</span></p><p><span style=""color: rgb(0, 0, 0);"">For each had fought a war. </span></p><p><span style=""color: rgb(0, 0, 0);"">For their souls</span></p><p><span style=""color: rgb(0, 0, 0);"">One had killed in jungles cold.</span></p><p><span style=""color: rgb(0, 0, 0);"">The other in pages cold</span></p><p><span style=""color: rgb(0, 0, 0);"">Each to save their soul.</span></p><p><br></p><p><span style=""color: rgb(0, 0, 0);"">So these warriors of old</span></p><p><span style=""color: rgb(0, 0, 0);"">Sat by that road</span></p><p><span style=""color: rgb(0, 0, 0);"">Where it got clammy and cold</span></p><p><span style=""color: rgb(0, 0, 0);"">Each in their own thoughts</span></p><p><span style=""color: rgb(0, 0, 0);"">Each recounting days gone.</span></p><p><span style=""color: rgb(0, 0, 0);"">When their souls were lost</span></p><p><span style=""color: rgb(0, 0, 0);"">One to the gun</span></p><p><span style=""color: rgb(0, 0, 0);"">The other to the pen</span></p><p><br></p><p><span style=""color: rgb(0, 0, 0);"">But don’t think the poet a lesser man.</span></p><p><span style=""color: rgb(0, 0, 0);"">For as a boy he became a man</span></p><p><span style=""color: rgb(0, 0, 0);"">In the pages he wrote were real death.</span></p><p><span style=""color: rgb(0, 0, 0);"">Forced to kill those ugly men that took his soul.</span></p><p><span style=""color: rgb(0, 0, 0);"">It was just a dynamite stick.</span></p><p><span style=""color: rgb(0, 0, 0);"">And the fuse went boom!!</span></p><p><span style=""color: rgb(0, 0, 0);"">No more turns and being passed around </span></p><p><span style=""color: rgb(0, 0, 0);"">Like a cigarette by those men.</span></p><p><span style=""color: rgb(0, 0, 0);"">There would just be no more</span></p><p><span style=""color: rgb(0, 0, 0);"">Cigarette-smoke breath.</span></p><p><br></p><p><span style=""color: rgb(0, 0, 0);"">And don’t think the soldier,</span></p><p><span style=""color: rgb(0, 0, 0);"">Anything less</span></p><p><span style=""color: rgb(0, 0, 0);"">They were just orders.</span></p><p><span style=""color: rgb(0, 0, 0);"">“Kill them!”</span></p><p><span style=""color: rgb(0, 0, 0);"">They were just children</span></p><p><span style=""color: rgb(0, 0, 0);"">""Its them or us!""</span></p><p><span style=""color: rgb(0, 0, 0);"">It was just war.</span></p><p><span style=""color: rgb(0, 0, 0);"">“Kill them!”</span></p><p><span style=""color: rgb(0, 0, 0);"">The enemy must learn,</span></p><p><span style=""color: rgb(0, 0, 0);"">Here we mean business.</span></p><p><br></p><p><span style=""color: rgb(0, 0, 0);"">So, the two warriors</span></p><p><span style=""color: rgb(0, 0, 0);"">Sat side by side</span></p><p><span style=""color: rgb(0, 0, 0);"">And stared blankly,</span></p><p><span style=""color: rgb(0, 0, 0);"">Across the cold dreary road</span></p><p><span style=""color: rgb(0, 0, 0);"">And in the distance</span></p><p><span style=""color: rgb(0, 0, 0);"">A storm cloud formed, </span></p><p><br></p><p><span style=""color: rgb(0, 0, 0);"">Then sudden thunder.</span></p><p><br></p><p><span style=""color: rgb(0, 0, 0);"">Each warrior ducked.</span></p>",27,2024-08-05 14:24:38,2024-08-05 20:37:28,0
42,Of Jaded Muses and Digital Distractions,Free Verse,"<p><span style=""color: rgb(0, 0, 0);"">The allure of mused poems,</span></p><p><span style=""color: rgb(0, 0, 0);"">No longer visits this nonchalant psyche.</span></p><p><span style=""color: rgb(0, 0, 0);"">It trickles now, once a roaring torrent</span></p><p><span style=""color: rgb(0, 0, 0);"">Now a lazy stream</span></p><p><br></p><p><span style=""color: rgb(0, 0, 0);"">Am like a desultory jaded heaven</span></p><p><span style=""color: rgb(0, 0, 0);"">Where starry jewels once decked the night,</span></p><p><span style=""color: rgb(0, 0, 0);"">But are now drossy shadowy blackholes,</span></p><p><span style=""color: rgb(0, 0, 0);"">And sparks and dreams, </span></p><p><span style=""color: rgb(0, 0, 0);"">Are ripped in the accretion disc.</span></p><p><br></p><p><span style=""color: rgb(0, 0, 0);"">No longer avid, but seeking meaning in the mundane.</span></p><p><span style=""color: rgb(0, 0, 0);"">No longer enraptured by the she said, he said,</span></p><p><span style=""color: rgb(0, 0, 0);"">And all that jazz, no iota of care; for trifling muses,</span></p><p><span style=""color: rgb(0, 0, 0);"">Their short goodbyes or critique, no not one,</span></p><p><span style=""color: rgb(0, 0, 0);"">Their infighting and bad blood, no longer,</span></p><p><span style=""color: rgb(0, 0, 0);"">No nuts to crack, nor rain to flush, no iota of care.</span></p><p><br></p><p><em style=""color: rgb(0, 0, 0);"">It was never about who is better,</em></p><p><em style=""color: rgb(0, 0, 0);"">Neither has it been nor will it ever be,</em></p><p><em style=""color: rgb(0, 0, 0);"">About any Magnum Opus.</em></p><p><br></p><p><span style=""color: rgb(0, 0, 0);"">Like doors closing and skies descending,</span></p><p><span style=""color: rgb(0, 0, 0);"">Each visiting muse devoid of ardor,</span></p><p><span style=""color: rgb(0, 0, 0);"">Oblivious to the yawning dawn,</span></p><p><span style=""color: rgb(0, 0, 0);"">Or the scent of sprouting posies.</span></p><p><span style=""color: rgb(0, 0, 0);"">Jaded, without allure or sheen</span></p><p><span style=""color: rgb(0, 0, 0);"">And devoid of all its lustre.</span></p><p><br></p><p><span style=""color: rgb(0, 0, 0);"">Maybe one day soon a spark will reignite</span></p><p><span style=""color: rgb(0, 0, 0);"">And reanimate this frenetic mused madness</span></p><p><span style=""color: rgb(0, 0, 0);"">But until then...</span></p><p><br></p><p><span style=""color: rgb(0, 0, 0);"">I remain adrift in this sea of trivialities,</span></p><p><span style=""color: rgb(0, 0, 0);"">Worrying about trifling stuff </span></p><p><span style=""color: rgb(0, 0, 0);"">Like ad blockers and AI opinions </span></p><p><span style=""color: rgb(0, 0, 0);"">And irked...</span></p><p><br></p><p><span style=""color: rgb(0, 0, 0);"">By their emasculating knowledge</span></p>",4,2024-10-21 10:57:42,,0
